,Rank,ChannelName,Category,Subscribers,Country,Views,Likes,Comments
0,1,tseries,Music & Dance,253M,India,53.5K,1.9K,55
1,2,MrBeast,Video gamesHumor,210.1M,United States,95.4M,5.4M,16.6K
2,3,CoComelon,Education,167.5M,,5.5M,27.9K,0
3,4,SETIndia,,165.2M,India,18.6K,192,9
4,5,KidsDianaShow,AnimationToys,115.5M,,6.6M,11.7K,0
5,658,PewDiePie,MoviesVideo games,111.6M,United States,2.1M,146.5K,4.8K
6,7,LikeNastyaofficial,Toys,110M,,2.9M,43.7K,0
7,8,VladandNiki,AnimationToys,104.5M,,7.2M,20.1K,0
8,9,zeemusiccompany,Music & Dance,102.4M,India,40.7K,1.6K,35
9,10,WWE,Video games,98M,United States,151.8K,4.9K,210
10,1173,BLACKPINK,Music & Dance,92.1M,United States,2.2M,249.5K,15K
11,12,GoldminesTelefilms,,91.8M,India,30.3K,365,15
12,13,SonySAB,MoviesAnimation,86.9M,India,28.7K,545,18
13,14,5MinuteCraftsYouTube,Movies,80.4M,India,137.5K,672,26
14,1533,BTS,Music & Dance,76.9M,India,837.4K,134.4K,4.5K
15,16,zeetv,,74.1M,India,5.3K,104,0
16,171061,HYBELABELS,Music & Dance,73.4M,United States,355.1K,46.1K,860
17,18,Pinkfong,AnimationToys,70.9M,,490.7K,337,0
18,19,ChuChuTV,Toys,68.5M,,315K,8.2K,0
19,20,colorstv,,68.2M,India,13.9K,462,2
20,21,filmigaane,Music & Dance,66.9M,India,25K,329,16
21,22,KondZilla,Music & Dance,66.7M,Brazil,24.1K,967,4
22,23,TSeriesBhaktiSagar,Music & Dance,64.3M,India,17K,508,36
23,24,tipsofficial,Music & Dance,62M,India,63K,805,22
24,25,ElReinoInfantil,Music & Dance,60.9M,,402.5K,10.6K,0
25,26,MOVIECLIPS,MoviesAnimation,60.1M,United States,6.1K,85,8
26,2711,dudeperfect,Video games,60M,United States,3.8M,144.8K,2K
27,28,aajtak,News & Politics,59.8M,India,9.3K,150,4
28,29,WaveMusicIndia,Music & Dance,59.6M,,34.5K,1.1K,33
29,30,SonyMusicIndia,Music & Dance,58.5M,India,25.1K,1.1K,25
30,31,eminem,MoviesAnimation,57.9M,United States,834.9K,86.5K,7.3K
31,32,infobellshindirhymes,Education,57M,,831.7K,17.7K,0
32,33,yrf,Music & Dance,57M,India,510.7K,40K,244
33,34,marshmello,Music & Dance,56.7M,United States,88.6K,4.1K,137
34,35,LooLooKids,Music & Dance,55.3M,United States,1.2M,4.7K,0
35,36259,TaylorSwift,Music & Dance,55.1M,United States,2.7M,114.6K,3.4K
36,37,BillionSurpriseToys,Toys,54.1M,,1.2M,0,0
37,38,EdSheeran,Music & Dance,53.9M,United States,280.1K,16.4K,391
38,39,shemaroo,,49.8M,India,14.3K,118,7
39,4088,JuegaGerman,MoviesAnimation,48.9M,Mexico,1.9M,98.7K,3K
40,41958,BillieEilish,Music & Dance,48.8M,United States,356.8K,33.1K,1.1K
41,42,getmovies,MoviesHumor,48.6M,,135.1K,544,0
42,434,A4a4a4a4,AnimationHumor,48.6M,Russia,9.3M,259.5K,16K
43,44,ARYDigitalasia,,48.4M,Pakistan,31.2K,895,5
44,45,sonymusicindiaVEVO,Music & Dance,48.2M,India,14.9K,239,13
45,46,HarPalGeoOfficial,MoviesAnimation,47.6M,Pakistan,7.3K,57,1
46,47,BadBunnyPR,Music & DanceMovies,47.2M,Mexico,7M,278.1K,14K
47,48,badabunOficial,,47.1M,Mexico,5.9K,253,4
48,49,toysandcolors,MoviesToys,46.9M,,2.1M,2.4K,0
49,50,vootkids,,46.5M,,202.5K,1.4K,0
50,51385,felipeneto,,45.8M,Brazil,907K,90.8K,1.9K
51,52,abscbnentertainment,,45.7M,Philippines,1.5K,27,1
52,53,MashaBearRUSSIAN,,45.1M,,739.6K,8.3K,0
53,54262,Mikecrack,MoviesAnimation,45.1M,Mexico,2.3M,87.9K,6.6K
54,55132,vcsabiavideos,,45.1M,Brazil,416.1K,38.4K,619
55,56,MashaBearEN,MoviesAnimation,44.9M,,767.1K,5.8K,0
56,57,BRIGHTSIDEOFFICIAL,,44.6M,United States,20.1K,469,24
57,58,KatyPerry,Music & Dance,44.5M,,57.9K,4.4K,249
58,59,Alanwalkermusic,Music & DanceMovies,44.5M,United States,86.7K,8.1K,258
59,60,whindersson,Music & DanceAnimation,44.4M,Brazil,75.2K,10.8K,68
60,61,speedrecords,Music & Dance,43M,India,22.7K,998,28
61,6212,KimberlyLoaiza,Music & Dance,42.9M,Mexico,0,0,0
62,63,IshtarMusic,Music & Dance,42.9M,India,25.9K,902,14
63,64,LikeNastya_Show,MoviesToys,42.6M,,218K,722,0
64,65485,JessNoLimit,MoviesAnimation,42.2M,Indonesia,265.2K,15.1K,148
65,6661,luisitocomunica,,41.4M,Mexico,2.7M,81.2K,1.6K
66,67,shfa2,AnimationToys,41.1M,,696.9K,5.9K,0
67,68,LittleBabyBum,AnimationToys,40.9M,,66.2K,117,0
68,69,luccastoon,MoviesAnimation,40.7M,Brazil,223.3K,7.8K,0
69,70,SuperSimpleSongs,Music & Dance,40.4M,,897.4K,1.5K,0
70,71,SonyPAL,,40.2M,India,19.2K,203,9
71,7235,beterbocuk,,40.1M,India,1.1M,41.2K,303
72,731283,RicisOfficial1795,Music & DanceMovies,39.9M,Indonesia,198.1K,14.4K,326
73,74,WorkpointOfficial,,39.7M,Thailand,7.1K,159,1
74,75,GaaneSuneAnsune,Music & Dance,39.7M,India,35.3K,214,9
75,76,TEDx,,39.6M,United States,126.5,2,0
76,77,gr6explode,Music & Dance,39.5M,Brazil,82.4K,4.2K,156
77,78,shfa-1,Daily vlogs,39.5M,France,6.2M,51.6K,0
78,79,vladvaniki1,MoviesHumor,39.4M,,563.4K,1.8K,0
79,80,ABPNEWS,,38.8M,India,2.8K,57,1
80,81,LikeNastya_ESP,,38.7M,,505.7K,1.3K,0
81,82,one31official,,38.7M,Thailand,5.2K,121,1
82,83,YouTube,,38.4M,United States,64.4K,2K,175
83,84,DaddyYankee,Music & Dance,38.3M,Colombia,27.5K,2.5K,71
84,85,MariaClaraeJP,MoviesAnimation,38.3M,,1.7M,10.1K,0
85,86,TheEllenShow,,38.2M,United States,6.5K,152,9
86,87,SaregamaMusic,Movies,38M,India,18K,575,17
87,88594,YOLOAVENTURAS,MoviesAnimation,38M,Mexico,2.8M,152.9K,772
88,89,PowerKidstv,MoviesAnimation,37.9M,India,44.8K,0,0
89,90,UltraBollywood,,37.7M,India,20.7K,124,5
90,91107,Jkk_Entertainment,,37.4M,India,482.1K,3.9K,113
91,92,tseriesoldisgold,Music & Dance,37.4M,India,38.1K,434,11
92,93,IndiaTV,News & Politics,37.3M,India,9.8K,187,2
93,94,LaGranjaDeZenon,Music & DanceAnimation,37.3M,,798.4K,11.7K,0
94,951069,thedonato,,37.1M,Mexico,441.3K,31.3K,302
95,96107,TotalGaming093,MoviesVideo games,36.8M,India,1.1M,94.4K,1.3K
96,974,TechnoGamerzOfficial,,36.8M,India,4.4M,256.7K,16.5K
97,98,Ozuna,Music & Dance,36.5M,United States,0,0,0
98,99,GenevievesPlayhouse,Toys,36.3M,,342.9K,805,0
99,100424,zamzamelectronicstradingllc,,36.2M,India,193K,12.4K,221
100,1012,fedevigevani,AnimationHumor,36.1M,Mexico,7.6M,392.6K,26K
101,102,starplus,,36M,India,21.9K,441,6
102,103,RyansWorld,Video gamesToys,35.9M,,288.5K,1.3K,0
103,10425,markiplier,AnimationVideo games,35.8M,United States,2.2M,121.9K,3.8K
104,105,JingleToons,,35.6M,India,123.6K,543,0
105,106,tseriesapnapunjab,Music & Dance,35.4M,India,15.9K,659,17
106,107,GeetMP3,Music & Dance,34.7M,India,1.4M,36.3K,3K
107,1081041,PANDABOI,,34.6M,India,557.4K,13.9K,46
108,10934,AboFlah,AnimationVideo games,34.6M,Iraq,6M,733K,21K
109,110,DaFuqBoom,AnimationHumor,34.6M,United States,27.7M,1.5M,33.7K
110,111,Rajshri,,34.6M,India,10.2K,81,3
111,112,Ch3Thailand,,34.3M,Thailand,23.4K,418,6
112,113,jbalvin,AnimationVideo games,34.3M,Colombia,10.9K,892,20
113,114121,Dushyant_kukreja,,34.2M,India,4.7M,164.9K,341
114,115130,SSSniperWolf,AnimationHumor,34.1M,United States,1.1M,31.5K,0
115,116420,KLBROBijuRithvik1,,34.1M,India,2.1M,57.7K,225
116,117,vegetta777,MoviesAnimation,34M,Mexico,373.3K,23.9K,177
117,118118,AlanChikinChow,Music & DanceHumor,33.8M,India,6.9M,257.7K,1.1K
118,11974,MrBeast2,Daily vlogs,33.8M,United States,13M,935.8K,3.7K
119,120,babybus,AnimationToys,33.7M,,541.4K,1.2K,0
120,1213339,FrostDiamond,MoviesAnimation,33.7M,Indonesia,285.3K,11.4K,288
121,122,WowKidz1,AnimationHumor,33.7M,,49.2K,292,0
122,1233,MRINDIANHACKER,,33.7M,India,5M,387K,14K
123,124,DisneyMusicVEVO,Music & DanceMovies,33.7M,United States,154.4K,3.9K,103
124,125,KHANDESHIMOVIES,,33.6M,India,936.8K,7.8K,135
125,126,NoCopyrightSounds,Music & Dance,33.5M,United States,65.7K,4.3K,241
126,127,gmanetwork,,33.4M,Philippines,2K,64,1
127,1281398,LucasandMarcus,AnimationHumor,33.2M,United States,574.1K,19.2K,361
128,129,zeenews,News & Politics,32.9M,India,24K,246,6
129,130,PeppaPigOfficial,Toys,32.9M,,125.8K,609,0
130,1317,ShortsBreak_Official,,32.8M,India,8.2M,434.7K,572
131,132,WorldwideRecordsBhojpuri,Music & Dance,32.7M,India,28.7K,1.3K,28
132,133,MrBean,MoviesHumor,32.4M,India,161.7K,1.5K,54
133,134,rezendeevil,Movies,32.3M,Brazil,192.7K,8.5K,119
134,135,SMTOWN,Music & Dance,32.3M,United States,559.3K,74.8K,6K
135,136,dona_mukbang,,32.1M,United States,0,0,0
136,137,dianaandromaesp,AnimationToys,32M,,927.1K,1.9K,0
137,138275,zhong,AnimationHumor,32M,United States,2M,44.7K,955
138,13924,dream,AnimationVideo games,31.9M,United States,3M,226.6K,10K
139,140,GENIALBrightSideSpanish,Animation,31.9M,Mexico,14K,444,16
140,141,luisfonsi,,31.7M,United States,12.2K,910,17
141,142,HUMTV,,31.6M,Pakistan,4.3K,85,0
142,14399,enaldinho,Movies,31.4M,Brazil,1.3M,42.4K,685
143,144,vladnikihindi,,31.3M,,101.4K,483,0
144,145,fallontonight,,31.3M,United States,54.9K,1.2K,88
145,146,ImagineDragons,Music & Dance,31.2M,United States,109.7K,10.6K,205
146,147,junya1gou,,31M,Japan,96.6K,484,24
147,14823,gulshankalra07,,30.9M,India,2.9M,114.8K,279
148,149,LittleAngel,AnimationToys,30.8M,,287.5K,487,0
149,150,toyoraljanahtv,Music & Dance,30.7M,,114.8K,0,0
150,151,AttaHalilintar,Music & DanceMovies,30.7M,Indonesia,119K,5.6K,73
151,15283,jacksepticeye,AnimationHumor,30.5M,United States,2M,80.6K,4.2K
152,153,TalkingTom,MoviesAnimation,30.5M,United States,188.4K,833,0
153,154,TrapNation,Music & Dance,30.5M,United States,38.2K,1.5K,71
154,155,spinninrecords,Music & Dance,30.3M,United States,30K,1.1K,28
155,156,adityamovies,,30.3M,India,19.6K,738,5
156,157,infobellstamilrhymes,Education,30.2M,,396K,5.7K,0
157,158,shemaroomovies,,30.1M,India,31.1K,273,9
158,159,ashishchanchlanivines,MoviesHumor,30.1M,India,5.9M,508K,5.1K
159,160,infobellstelugurhymes,Education,30.1M,,154.6K,2.4K,0
160,161,MashaOso,,30M,,362.1K,2.5K,0
161,162,ultrarecords,Music & Dance,30M,United States,16.6K,569,15
162,163,Maluma_Official,Music & Dance,29.6M,Colombia,4.2M,121.5K,3.6K
163,164,GoldminesDishoom,MoviesVideo games,29.3M,,10.8K,142,0
164,165,adityamusic,Music & Dance,29.2M,India,24.9K,842,10
165,166253,AlejoIgoa,Animation,29M,Argentina,4.6M,264.8K,1.9K
166,1671184,akshaynagwadiya,,28.9M,India,6.6M,232.1K,270
167,168,LankyBox,AnimationVideo games,28.9M,United States,251.3K,4.7K,164
168,169,KidsRomaShow,AnimationToys,28.8M,,1.5M,3.9K,0
169,170,DrakeOfficial,Music & Dance,28.7M,United States,2.2M,67.7K,3.8K
170,1711036,LeoNataFamily,,28.7M,United States,1.8M,38.1K,46
171,17234,CrazyXYZ,,28.5M,India,5.3M,375.2K,7.4K
172,173789,DanTDM,AnimationVideo games,28.3M,United States,654.7K,20.3K,2.2K
173,174,toycantando,Music & DanceAnimation,28.3M,,181.5K,4.7K,0
174,1751613,JYPEntertainment,Music & Dance,28.3M,United States,458.6K,11.8K,1K
175,176390,mujjuu___14,,28.3M,India,1.9M,69.4K,101
176,177,bouncepatrol,Music & Dance,28.2M,,261.7K,2.1K,0
177,178595,SandeepSeminars,Daily vlogs,28.2M,India,224.4K,12.7K,702
178,179,nickjr,AnimationToys,28M,,206.8K,606,0
179,180390,NichLmao,Daily vlogs,28M,United States,3M,162.2K,1.2K
180,181,wizkhalifa,Music & Dance,27.9M,United States,17.1K,1.3K,75
181,182,GoldminesBollywood,,27.9M,India,11.8K,78,3
182,183180,brentrivera,Video gamesHumor,27.8M,United States,3.2M,96.9K,2.5K
183,18451,SpiderSlack,,27.8M,Brazil,496.8K,38.7K,121
184,185208,MarkRober,Science & Technology,27.5M,United States,11M,496.9K,4.3K
185,186877,kimpro828,,27.5M,Indonesia,991.3K,31.7K,199
186,187397,renatogarciayoutuber,MoviesAnimation,27.5M,Brazil,751.1K,69.9K,1.4K
187,188,indosiar,Music & DanceMovies,27.5M,Indonesia,28.7K,423,30
188,189208,DanielLaBelle,,27.4M,United States,9.1M,503.2K,984
189,190,kidstv,Toys,27.3M,,85.5K,92,0
190,191,Netflix,MoviesAnimation,27.3M,United States,137.8K,1.8K,127
191,192,TaylorSwiftVEVO,Music & Dance,27.3M,United States,2.8M,113.3K,3.2K
192,19371,ThatLittlePuff,,27.2M,United States,1.8M,124K,518
193,194,RaffyTulfoInAction,News & Politics,27M,Philippines,410.8K,6.4K,444
194,195,enchufetv,,27M,Ecuador,27.2K,2.5K,13
195,196,worldstarhiphop,Music & Dance,26.7M,United States,109K,2.1K,221
196,197,AGT,Music & DanceMovies,26.6M,United States,221.1K,5.7K,76
197,198600,smosh,MoviesHumor,26.5M,United States,199.9K,13.8K,202
198,199,TheLallantop,News & Politics,26.5M,India,20.7K,466,24
199,200,beyonce,Music & Dance,26.4M,United States,156.6K,13.4K,1.2K
200,201281,nickiminaj,Music & Dance,26.3M,United States,1.9M,115K,9.5K
201,202,mariliamendoncareal,Music & Dance,26.3M,Brazil,112.4K,8.1K,203
202,203,1MILLION_Dance,,26.2M,India,20.9K,1.4K,13
203,204,abp_live,News & Politics,26.2M,India,1.9K,51,0
204,205,TsurikiShow,,26.2M,India,277.3K,5.7K,6
205,20686,ZHCYT,Design/artDIY & Life Hacks,26.2M,United States,2.8M,109.8K,7.4K
206,207,postmalone,Music & Dance,26.1M,United States,129.1K,10.3K,165
207,208792,topperguild,AnimationHumor,26.1M,United States,3.4M,97.2K,788
208,2091515,Azhan5star,,26.1M,India,2.5M,131.4K,511
209,210,davidguetta,Music & Dance,26.1M,Brazil,26.4K,1.8K,175
210,211,wbkids,MoviesAnimation,26M,,36.6K,650,0
211,21272,VanossGaming,AnimationVideo games,26M,United States,1M,44.9K,863
212,213728,LosPolinesios,Music & DanceMovies,25.9M,Mexico,4.9M,277.2K,7K
213,214,danrhodes,MoviesHumor,25.8M,United States,374.9K,6.8K,63
214,215427,unknownboyvarun,Music & Dance,25.8M,India,2.2M,173.7K,154
215,216,sagawa,,25.8M,United States,346K,10.3K,46
216,217461,RansEntertainment,Movies,25.8M,Indonesia,472.5K,15.5K,407
217,2183900,ChrisBrownTV,Music & Dance,25.8M,United States,213.5K,16.9K,1.1K
218,219,coldplay,Music & Dance,25.7M,United States,81.9K,4.8K,93
219,22066,ishaanali11,Daily vlogs,25.7M,India,2.5M,237.7K,487
220,2211,TuzelityOfficial,,25.6M,India,3.5M,92.4K,941
221,222,TRANS7Official,MoviesHumor,25.5M,Indonesia,3.7K,69,3
222,223,PenMovies,MoviesAnimation,25.4M,India,53.6K,1.5K,46
223,224,suntv,,25.4M,India,12.8K,424,2
224,225292,PrestonYT,Video gamesHumor,25.3M,United States,2.3M,101.4K,278
225,226,WatchMojo,MoviesAnimation,25.3M,United States,32.1K,1K,122
226,227,kidschannelindia,Music & Dance,25.2M,,59.5K,278,0
227,22824,alanbecker,AnimationVideo games,25.1M,United States,10.1M,427.6K,8.6K
228,229,shfashowindia,Daily vlogs,25M,,1.2M,7K,0
229,23063,AmiRodrigueZZ,AnimationHumor,25M,Colombia,1.3M,69.9K,207
230,23116,alfredolarin,,25M,El Salvador,10.5M,552.1K,1.4K
231,232,TheElenaYa,AnimationToys,25M,,244K,434,0
232,2334698,ChloeTing,FitnessHealth & Self Help,25M,United States,118.2K,4.3K,252
233,234,DianaRomaARA,Animation,24.9M,,795.4K,2.6K,0
234,235,goldmineshindi,,24.9M,India,9.3K,119,4
235,236,DangalTVChannel,,24.9M,India,85.7K,1.5K,9
236,237,likenastyaae,,24.9M,,419.9K,2.5K,0
237,23868,Priyal_Kukreja,Daily vlogs,24.8M,India,6.3M,165.7K,296
238,239,Venus_Movies,,24.8M,India,12.7K,148,9
239,240,1theK,Music & Dance,24.6M,Indonesia,9.3K,654,35
240,241,netdmuzik,Music & Dance,24.6M,Turkey,7K,196,45
241,24236,rug,Video gamesHumor,24.6M,United States,3M,69.9K,3.3K
242,2432676,Yoeslan,,24.6M,India,4.7M,88.2K,101
243,244,AmitBhadana,Humor,24.6M,India,4.9M,356.8K,19.5K
244,245,MayaAndMary,Animation,24.4M,,87.4K,0,0
245,2461,StokesTwins,Video gamesHumor,24.4M,United States,7.6M,146.6K,10.5K
246,247,UltraMovieParlour,,24.3M,India,38.1K,372,12
247,248,DJSnake,Music & Dance,24.2M,India,27.4K,1.6K,59
248,249,PeppaPigEspanolLatinoOficial,MoviesToys,24.2M,,529.6K,1.3K,0
249,250,EnriqueIglesias,Music & Dance,24.1M,United States,23.9K,2.3K,133
250,25166,juandediospantojaa,Music & DanceMovies,24.1M,Mexico,0,0,0
251,252630,MartaAndRustam,,24M,India,8.9M,140K,55
252,253,BeatboxJCOP,,24M,India,2.9M,0,505
253,254886,JamesCharles,BeautyFashion,24M,United States,668.4K,37.2K,975
254,255545,MrMaxLife,Video games,24M,Russia,529.3K,9.8K,1K
255,256,VaniaManiaKids,AnimationToys,23.9M,,937.5K,1.2K,0
256,257295,misskaty1133,Video gamesToys,23.8M,Russia,449.9K,8.8K,569
257,258,TroomTroom,AnimationToys,23.8M,,39.9K,945,13
258,259,toyorbabytv,Music & Dance,23.8M,,110.7K,0,0
259,260,Ninja,AnimationVideo games,23.8M,United States,376.3K,25.2K,262
260,261,NickyJamTV,Music & DanceMovies,23.8M,Colombia,68.8K,4.5K,92
261,262,ZachChoi,Daily vlogs,23.8M,United States,129.1K,2.6K,138
262,263,dednahype,,23.7M,United States,347.5K,6.3K,16
263,264147,ZachKing,MoviesHumor,23.7M,United States,8.3M,305.1K,452
264,265,loganpaulvlogs,Video gamesHumor,23.7M,United States,1.8M,88K,2.5K
265,266,ValentinaPontesofc,,23.6M,Brazil,65K,1.7K,0
266,267,TED,,23.6M,United States,36.9K,1.1K,77
267,268,williesalim,MoviesHumor,23.6M,Indonesia,935.9K,0,798
268,269,Jelly,AnimationVideo games,23.6M,United States,179.6K,7.5K,789
269,270,SesameStreet,,23.6M,,293.8K,953,0
270,271,GMMGrammy,Music & Dance,23.5M,Thailand,2.9K,92,2
271,272,GoldminesCineplex,,23.5M,India,10.8K,104,2
272,273,WaveMusicBhojpuri,Music & Dance,23.5M,India,19.9K,918,6
273,274,Kidibli,AnimationToys,23.5M,,101.5K,1.5K,0
274,275,whitehillmusic,Music & Dance,23.4M,India,29.4K,747,42
275,276,BabyBusES,MoviesAnimation,23.4M,,220.6K,414,0
276,277,JasonDerulo,Music & Dance,23.4M,United States,44.9K,0,22
277,278,vladandnikispain,,23.4M,,422K,1.1K,0
278,279,TechnicalGuruji,,23.4M,India,90.4K,6K,324
279,28010,souravjoshivlogs7028,Daily vlogs,23.3M,India,4.6M,321.3K,7.6K
280,281,LikeNastya_PRT,,23.3M,,569.5K,1.9K,0
281,282,LIVCrime,,23.2M,India,22.4K,294,16
282,28360,DrossRotzank,,23.2M,Mexico,1.7M,116.8K,3.7K
283,284,CuteAnimalsTV.,,23.2M,,1.9K,3,0
284,285,vladandnikiarab2,Animation,23.1M,,530.3K,2.2K,0
285,2861402,invictorgs3,AnimationVideo games,23.1M,Mexico,468.1K,18.4K,506
286,28712,BenAzelart,Video gamesHumor,23M,United States,4.2M,50.7K,3.1K
287,28838,VillageCookingChannel,,23M,India,7.2M,182.9K,3K
288,289282,RAFAELUIZOFICIAL,MoviesAnimation,23M,Brazil,699.1K,27.1K,494
289,29046,SSundee,AnimationVideo games,23M,United States,1.5M,58.7K,1.6K
290,291,sia,Music & DanceMovies,22.9M,United States,56.9K,3.6K,262
291,292345,DUDUeCAROL,,22.9M,Brazil,634.2K,17.1K,204
292,29385,mmoshaya,,22.8M,Saudi Arabia,514.9K,4.7K,454
293,294,SMOL_official,,22.8M,India,140.7K,3.2K,5
294,295,THECHAINSMOKERS,Music & DanceMovies,22.6M,United States,62K,2.8K,60
295,296,NetflixIndiaOfficial,,22.6M,India,57.3K,1.1K,55
296,297352,fgteev,MoviesVideo games,22.6M,United States,641.6K,7.4K,1.2K
297,298,disneyla,MoviesAnimation,22.6M,,22.6K,121,0
298,299,rotanamusic,Music & Dance,22.6M,Saudi Arabia,11.7K,280,17
299,300,SidhuMooseWalaOfficial,Music & Dance,22.6M,India,0,0,0
300,30168,royaltyfam,Humor,22.3M,United States,5.7M,85.8K,14.2K
301,302,smilefamily363,AnimationToys,22.3M,,10.2K,45,0
302,303,NatGeo,,22.2M,United States,32.9K,868,36
303,304,dualipa,Music & Dance,22.2M,United States,219.2K,23.9K,530
304,305154,bobbyprankster,,22.2M,India,8.7M,369K,332
305,306,TlnovelasOficial,Music & DanceAnimation,22.2M,Mexico,2.9K,87,2
306,307,EvaBravoPlay,AnimationToys,22.2M,,798.9K,2.6K,0
307,308,vladandnikidn,Music & DanceMovies,22.1M,,239.6K,642,0
308,30923,infinite,Video gamesHumor,22M,United States,539.9K,33.5K,845
309,310,gmapublicaffairs,News & Politics,22M,Philippines,4K,80,1
310,311,VijayTelevision,,21.9M,India,83.4K,1.3K,13
311,312,beckyg,Music & Dance,21.6M,United States,37.1K,2.1K,73
312,313,ShriPrashant,Education,21.6M,India,77K,6.6K,39
313,314486,IShowSpeed,Video gamesHumor,21.6M,United States,1.5M,69K,1.8K
314,315,somoynews360,Daily vlogs,21.6M,Bangladesh,13.5K,314,9
315,3164,IanLucasOficial,MoviesHumor,21.5M,Argentina,7.6M,317K,7.9K
316,317175,lyricalemonade,Music & DanceAnimation,21.4M,United States,1.8M,82K,5.2K
317,3181160,unboxtherapy,Design/art,21.4M,United States,934.5K,7.9K,396
318,319,fatosdesconhecidos,Science & Technology,21.4M,Brazil,75.1K,7.8K,434
319,320,MrVivekBindra,Education,21.4M,India,66.5K,5.1K,41
320,321168,BaimPaula,Music & DanceMovies,21.3M,Indonesia,178K,6.9K,645
321,322281,kurzgesagt,Education,21.3M,United States,1.3M,49K,1.4K
322,32340,corbuzier,,21.3M,Indonesia,2.4M,31.3K,4.5K
323,32411,PragatiVermaaShorts,,21.3M,India,1.1M,58.5K,3.2K
324,325,buzzfeedtasty,Food & Drinks,21.3M,United States,45.4K,2.2K,24
325,326886,BraveWilderness,,21.2M,United States,1.3M,28.2K,2K
326,327,romeo,Music & Dance,21.2M,United States,19.3K,1.9K,54
327,328,7clouds,Music & Dance,21.2M,United States,98.6K,1.4K,74
328,329314,MrDegreeOfficial,,21.1M,United States,2.9M,59.3K,68
329,330,NBA,Sports,21.1M,United States,64.1K,1.8K,89
330,331,SonyAATH,TravelShow,21M,Bangladesh,165.1K,3.2K,124
331,332,LazarBeam,AnimationVideo games,21M,United States,19.6M,1.2M,5.8K
332,333,KiddiestvHindi,Education,21M,,30.5K,92,0
333,33443,pawansahu777,,21M,India,1.3M,116.2K,777
334,335,-genevievesplayhouse1465,Education,20.9M,,376K,1.9K,0
335,336,BabyBusID,MoviesHumor,20.9M,,268.8K,713,0
336,337,NinjaKidz,Video games,20.9M,United States,717.4K,7.5K,197
337,338387,canalcanalha,Sports,20.9M,Brazil,794.1K,97.9K,1.6K
338,339,avicii,Music & DanceMovies,20.9M,United States,49.3K,4.6K,278
339,340587,EmiwayBantai,Music & Dance,20.8M,India,3.1M,382.8K,24K
340,3414,triggeredinsaan,Humor,20.8M,India,7M,529.2K,16K
341,342,rkddigital,,20.8M,India,351.5K,2.3K,34
342,343619,Miawaug,Video games,20.8M,Indonesia,624K,20.4K,1.3K
343,344,JoseComilaoTotoy,Animation,20.7M,,125.6K,2.5K,0
344,345,Cookieswirlc,Video games,20.7M,United States,108.8K,1.5K,314
345,346,5MinuteCraftsDIY,Music & Dance,20.6M,India,8.1K,95,2
346,347,Mnet,,20.6M,United States,9.5K,1.1K,48
347,34827,SlivkiShow,Video games,20.6M,Russia,1.7M,106.9K,7.7K
348,349,gottalentglobal,,20.6M,United States,17.8K,376,12
349,350,jakepaul,Fitness,20.6M,United States,252K,13.9K,660
350,351,goldminesgreatindiancomedy2048,,20.5M,India,6.4K,51,2
351,352,jaanvipatel,,20.5M,India,3.7M,107.8K,427
352,3534175,JakeFellman,,20.5M,United States,846.1K,58.1K,158
353,35451,BayashiTV_,,20.5M,United States,4.7M,272.3K,2.9K
354,35531,Vsauce,Science & Technology,20.5M,United States,3M,306.3K,3K
355,356,gusttavolimaoficial,Music & Dance,20.5M,Brazil,98.1K,8.2K,134
356,35711,Sidemen,Video gamesHumor,20.4M,United Kingdom,7.3M,290.1K,6.6K
357,358,noorstars,MoviesHumor,20.4M,Iraq,219.6K,9.3K,379
358,359,greengoldtv,,20.4M,,88K,1.3K,0
359,360,news18India,News & Politics,20.4M,India,10.1K,182,4
360,361576,RobinHoodGamer1,AnimationVideo games,20.3M,Brazil,264.1K,12K,334
361,362,PinkPanther,MoviesAnimation,20.3M,,501.5K,3.6K,0
362,363,DannyFitt,Movies,20.3M,Mexico,1.4M,77.4K,848
363,364,5MinuteCraftsPLAY,Movies,20.3M,India,10.9K,103,3
364,365,marvel,MoviesAnimation,20.3M,United States,127.2K,5.8K,291
365,366,gordonramsay,Food & DrinksHealth & Self Help,20.2M,United States,90.1K,1.4K,113
366,367,Skrillex,Music & Dance,20.2M,United States,114.5K,6.1K,229
367,368,degoboom,MoviesAnimation,20.2M,Mexico,126.3K,5.4K,48
368,369,BuzzFeedVideo,Food & Drinks,20.2M,United States,14.9K,378,8
369,370,WowKidzAction,,20.2M,,53.8K,792,0
370,371,PTXofficial,Music & Dance,20.1M,United States,43.3K,2.4K,59
371,372,AuthenticGames,MoviesVideo games,20.1M,Brazil,33.5K,3.7K,27
372,373,VEVO,Music & Dance,20.1M,United States,4.2K,179,2
373,374,BGT,Music & DanceMovies,20M,United Kingdom,54.4K,579,24
374,375,pencilmation,AnimationHumor,20M,United States,45.6K,819,14
375,376,sctv_,Music & DanceMovies,20M,Indonesia,10.3K,223,8
376,377133,ASGamingsahil,,20M,India,167.5K,12.9K,488
377,378,React,Humor,20M,United States,169.8K,6.9K,292
378,3793655,officialajaysharma07,,20M,India,835.5K,28.4K,59
379,380798,deepesh_zo,,20M,India,1.6M,105.4K,190
380,381897,PandaShorts,,20M,India,454.4K,22K,74
381,382,etvteluguindia,,20M,India,15.7K,294,1
382,383420,ClashOfClans,MoviesAnimation,19.9M,United States,199.7K,14K,335
383,384,fifa,Sports,19.9M,United States,60.5K,2.2K,28
384,385,tabii.urdu,,19.9M,Pakistan,23.6K,629,46
385,386,TroomTroom_Es,,19.9M,Mexico,38.4K,1.4K,13
386,387,korayzeynep,Daily vlogs,19.8M,Turkey,1.6M,45.8K,6
387,388,DLSNews,Music & Dance,19.8M,India,77.9K,1.9K,105
388,389,HaerteTest,,19.8M,India,20.1K,56,3
389,390175,howridiculous,Video games,19.7M,United States,667.8K,27.5K,817
390,39119,KarlaBustillos,,19.7M,Mexico,3.9M,236.2K,1.7K
391,392,Mashaurso,,19.6M,,189.8K,2K,0
392,393,Slick_Slime_Sam_Spanish,,19.6M,Mexico,125.7K,2.1K,0
393,394,CraftyPanda,MoviesHumor,19.6M,India,17.9K,182,8
394,3952424,busyfunltd9692,,19.6M,India,3.7M,13.9K,249
395,396323,ArabGamesNetwork,,19.6M,Algeria,200.2K,14.5K,799
396,39724,DharMann,Health & Self Help,19.5M,United States,3.4M,65.3K,1.7K
397,398737,tarik_alhalapi,,19.5M,Turkey,1.4M,27.6K,83
398,399,sonotek,Music & DanceAnimation,19.5M,India,55.4K,364,62
399,400,heidizidane9861,Daily vlogs,19.5M,,10.8K,64,0
400,401,smilefamilyspanish1463,AnimationToys,19.5M,,47.7K,124,0
401,402,kbsworldtv,,19.4M,Indonesia,3.6K,133,4
402,403,turmadamonica,,19.4M,,80K,2.2K,0
403,404,shemaroobollywoodcomedy,,19.3M,India,16.7K,144,5
404,405,theodd1sout,MoviesAnimation,19.2M,United States,516.1K,47.8K,4.2K
405,406,elcanaldePlimPlim,Music & Dance,19.2M,,548.8K,0,0
406,407284,TEDEd,Science & Technology,19.2M,United States,261.3K,11.4K,362
407,40847,ThePoznavatel,DIY & Life HacksToys,19.2M,Russia,2.4M,47.8K,1.6K
408,4098,BispoBrunoLeonardo,Music & Dance,19.2M,Brazil,865.1K,302.9K,231K
409,410,grammygoldofficial,Music & Dance,19.2M,Thailand,10.1K,218,8
410,411,miroska-tv,,19.2M,United States,6.5K,20,0
411,412,CalvinHarris,Music & Dance,19.2M,United States,21.7K,727,36
412,41324,HiBestMan,Video games,19.2M,Russia,956.6K,33.5K,1.3K
413,414,JimmyKimmelLive,MoviesHumor,19.1M,United States,318.7K,4.6K,361
414,415,YounesZarou,,19.1M,India,257.3K,9.6K,44
415,41635,issei0806,,19.1M,India,1.3M,87.4K,112
416,417,cardib,Music & Dance,19.1M,United States,327.2K,13.7K,560
417,418,farruko,Music & Dance,19.1M,United States,32.7K,2.5K,54
418,419,LittleAngelEspanol,Animation,19M,,144.4K,4.4K,0
419,420,andtvchannel,,19M,India,2.3K,77,0
420,4214,BeastPhilanthropy,Food & Drinks,19M,United States,9.6M,838.5K,22K
421,422,Blippi,EducationToys,19M,,675.4K,2.3K,0
422,423,PrimeVideoIN,MoviesAnimation,18.9M,India,18.5K,608,4
423,424,NarendraModi,News & Politics,18.9M,India,11.6K,1.2K,68
424,425,LikeNastya_Vlog,Daily vlogs,18.9M,,538.7K,1.6K,0
425,42620,MSA.official,AnimationHumorEducation,18.9M,United States,3.6M,87.1K,2.7K
426,4271179,alia,AnimationVideo games,18.9M,United States,354.9K,12.2K,492
427,428,SonyMusicSouthVEVO,Music & Dance,18.9M,,1.7K,8,0
428,429,TaarakMehtaKaOoltahChashmah,,18.8M,India,44.2K,853,15
429,4301,MrMarmok,AnimationVideo games,18.8M,Russia,3.3M,306.5K,9.2K
430,431,RepublicTVBharat,News & Politics,18.7M,India,8.4K,0,5
431,4323776,thexoteam,,18.7M,United States,80K,6K,29
432,433,rsiammusic,Music & Dance,18.7M,Thailand,4.1K,71,3
433,43433,Aphmau,AnimationVideo games,18.6M,United States,1.9M,53.4K,2.3K
434,435,Apple,Music & DanceAnimation,18.6M,,1.8M,46.2K,0
435,4361525,DesiMelodies,Music & Dance,18.6M,India,1.1M,12.8K,2K
436,437,Filaretiki,,18.6M,India,230.5K,7.1K,10
437,438,DanielSaboya,Music & Dance,18.6M,Brazil,14K,542,8
438,439,NaisaAlifiaYurizaNAY,Music & DanceMovies,18.6M,Indonesia,77.6K,2.3K,21
439,440,PDKFilms,MoviesAnimation,18.5M,United States,317.2K,5.7K,396
440,4413514,Squeezie,,18.5M,France,1.2M,82.8K,174
441,442840,salmannomanofficial,,18.5M,India,1.1M,67.7K,135
442,443816,GoodMythicalMorning,Food & Drinks,18.5M,United States,949.1K,30.2K,806
443,444,thewillyrex,,18.4M,Spain,90.4K,11.1K,29
444,445,LikeNastya_VNM,Movies,18.4M,,302.9K,0,0
445,44632,nomanofficial786,,18.4M,India,2M,190.9K,822
446,447,AMARINTVHD,News & Politics,18.4M,Thailand,6.5K,103,3
447,448,GENHALILINTAR,Music & DanceHumor,18.4M,Indonesia,98.5K,3.2K,24
448,449,INCRIVEL_PT,Science & Technology,18.3M,,9.1K,444,10
449,450,FunForKidsTVHindiRhymes,,18.3M,,361.9K,7K,0
450,451,KatieAngelTV_,Music & Dance,18.3M,Mexico,3M,200.6K,22.5K
451,452,News24thinkfirst,News & Politics,18.3M,India,4.1K,86,3
452,453,viralhog,Toys,18.3M,United States,21.3K,805,21
453,454400,manualdomundo,Science & Technology,18.3M,Brazil,313.1K,34.7K,236
454,455,lescopaque,,18.2M,Indonesia,99.2K,1.8K,0
455,456,ZuniandFamilyofficial,Daily vlogs,18.2M,,395.3K,686,0
456,45774,GameTheory,Movies,18.2M,United States,1.3M,87.4K,3.2K
457,458,zappytoons,Education,18.2M,,229K,842,0
458,459,TheGrefg,MoviesVideo games,18.2M,Spain,874.1K,39.9K,426
459,4602024,zbingz,,18.2M,Thailand,602K,17.9K,836
460,461,MissaSinfonia,AnimationHumor,18.2M,Mexico,6.2M,610.5K,24K
461,462236,tanboykun,Music & Dance,18.2M,Indonesia,1.4M,23.6K,1.1K
462,463743,RobleisIUTU,MoviesAnimation,18.1M,Argentina,111.2K,12.9K,123
463,464227,iamneetubisht,,18.1M,India,3.6M,200K,814
464,46542,pinkshirtcouple,,18M,United States,1.7M,74.2K,686
465,466,Chapitosiki,,18M,Russia,198.8K,4.9K,11
466,467,mgcplayhouse,ToysAutos & Vehicles,17.9M,,40.7K,70,0
467,468,Jane_asmr,Daily vlogs,17.8M,Indonesia,120.1K,2.6K,149
468,469,JohnyFamilyShow,Music & DanceToys,17.8M,,265K,345,0
469,4701644,portadosfundos,MoviesAnimation,17.8M,Brazil,293.8K,20.8K,138
470,47166,mkbhd,Science & Technology,17.8M,United States,2.6M,118.8K,2.1K
471,472,jasonvlogslife,AnimationToys,17.8M,,392.2K,1.2K,0
472,4737,jordanmatter,Music & DanceHumor,17.8M,United States,7.2M,98.1K,7.6K
473,474,IGN,,17.8M,United States,32.2K,841,79
474,47546,_vector_,,17.7M,United States,6.5M,298.3K,1.1K
475,476,ILYABORZOV,,17.7M,India,314.1K,12.7K,25
476,477,ElReinoAJugar,EducationToys,17.6M,,302.1K,733,0
477,478144,FactTechz,,17.6M,India,376.5K,19.6K,784
478,479,musicalrmastv1,Music & Dance,17.6M,Iraq,1.5M,17.3K,197
479,480,JFlaMusic,Music & Dance,17.5M,United States,53.9K,3.2K,289
480,481,VICE,News & Politics,17.5M,United States,218.9K,4.7K,309
481,482,TRANSTVofficial,Music & DanceMovies,17.4M,Indonesia,888,18,1
482,483,popchartbusters,Music & Dance,17.4M,India,214.1K,2.2K,38
483,48416,TheBrianMaps,Video gamesHumor,17.4M,Russia,4.9M,604.2K,38K
484,485,anitta,Music & Dance,17.4M,Brazil,58.8K,3.8K,171
485,4864812,SagarKalraShorts,Daily vlogs,17.4M,India,580.6K,0,57
486,487,BBCHindi,News & Politics,17.4M,India,88K,0,220
487,488,SriBalajiMovies,Movies,17.3M,India,5.9K,174,0
488,489,disneyjunior,,17.3M,,81.5K,243,0
489,490,Queen,Music & DanceMovies,17.3M,United States,103.7K,6K,134
490,491,yudistardhana,Movies,17.3M,Indonesia,358.8K,9.4K,150
491,492,stubbornfacts,,17.3M,India,22.4K,938,47
492,493,Willyrex,MoviesAnimation,17.3M,Mexico,123.9K,8.8K,57
493,494,GatoGalactico,Animation,17.3M,Brazil,45.3K,1.5K,0
494,495,PopularMMOs,Video games,17.2M,United States,585.4K,36.7K,3.7K
495,496,ufc,Sports,17.2M,United States,89.9K,2.2K,189
496,497,BollywoodClassics,Music & Dance,17.2M,India,23.6K,176,8
497,498,LahariMusicIndia,Music & Dance,17.2M,India,12K,260,13
498,49951,cure0721,,17.2M,Indonesia,1.7M,113.2K,817
499,500525,MoreAliA,AnimationVideo games,17.2M,United States,1M,15.7K,544
500,501,LikeNastya_IDN,Music & DanceMovies,17.2M,,203K,0,0
501,502,withkids2063,AnimationToys,17.1M,United States,37.4K,0,0
502,50319,rubentuestaoficial,,17.1M,Argentina,1.6M,180.4K,802
503,50448,AayuandPihuShow,MoviesHumor,17.1M,India,2.8M,43.3K,3.9K
504,505,TV9Bharatvarsh,News & Politics,17.1M,India,6.3K,124,2
505,506,gabyandalex2379,Toys,17.1M,,0,0,0
506,507,PrajapatiNews,,17.1M,India,9.6K,512,29
507,508,NMFNews,News & Politics,17.1M,India,4.6K,103,3
508,50989,DailyDoseOfInternet,Animals & Pets,17.1M,United States,2.9M,149.6K,4.8K
509,510,lizakoshy,Humor,17.1M,United States,118K,10.6K,380
510,51171,IvanaAlawi,MoviesHumor,17M,Philippines,4.1M,147.4K,13.9K
511,51248,GLENTYOUTUBE,Video games,17M,Russia,2.1M,128.7K,2.5K
512,513,Infobellsbengalirhymes,Education,17M,,484.3K,5.4K,0
513,514,gmmtv,Music & DanceMovies,16.9M,Thailand,30.9K,1.2K,34
514,515,thairathonline,News & Politics,16.9M,Thailand,10.1K,150,8
515,516,GuavaJuice,,16.9M,United States,98.7K,2K,419
516,51721,Mrwhosetheboss,,16.9M,United States,2.5M,145.3K,3.1K
517,518,ch7hd,,16.9M,Thailand,3K,93,1
518,519,LaRosaDeGuadalupeOf,,16.9M,Mexico,39.3K,942,21
519,520,LEGO,Animation,16.8M,United States,30.3K,546,0
520,521381,DeToxoMoroxo-Oficial,MoviesAnimation,16.8M,Mexico,331.6K,10.7K,2.7K
521,522,SonyLIV,,16.8M,India,5.1K,82,1
522,523,FunFunMiniWorld,,16.8M,United States,26.8K,626,1
523,524587,Lyna,MoviesAnimation,16.8M,Argentina,232.5K,12.4K,808
524,52531,failarmy,AnimationHumor,16.7M,United States,1.5M,18.8K,655
525,526,TuCOSMOPOLIS,News & Politics,16.7M,Mexico,40.8K,2.9K,276
526,527,MazhavilManorama,,16.7M,India,16.7K,371,2
527,52885,Jesser,Video gamesHumor,16.7M,United States,1.9M,59.6K,309
528,5292496,DearSir,Education,16.7M,India,161.6K,15.1K,1.3K
529,530,KaykaiSalaiderChannel,MoviesHumor,16.7M,Thailand,124.7K,9.2K,408
530,531,Technoblade,AnimationVideo games,16.7M,United States,1.5M,170.6K,6.8K
531,532,IDEASEN5MINUTOSoficial,Movies,16.7M,Mexico,37.3K,135,4
532,533,RCTILAYARDRAMAINDONESIA,Music & DanceMovies,16.6M,Indonesia,6.3K,131,2
533,534100,SusyMouriz,,16.6M,Mexico,2.4M,215.7K,631
534,535,katakit_baby,Music & Dance,16.6M,Saudi Arabia,44.1K,232,0
535,536,Pitbull,Music & DanceMovies,16.5M,United States,13.1K,944,37
536,537,ColorsRishtey1,,16.5M,India,2.8K,19,1
537,538574,Unspeakable,Video gamesHumor,16.5M,United States,693.2K,25.7K,604
538,539,MaviGadgets,,16.5M,United States,96.1K,2K,8
539,540204,T3ddy,,16.5M,Brazil,333.9K,40.9K,888
540,541171,TWICE,Music & DanceMovies,16.5M,Philippines,158.3K,23.6K,607
541,542,JoseComelonEspanol,Food & Drinks,16.5M,,224.8K,2.3K,0
542,543131,GoAmiGo,Daily vlogs,16.5M,Colombia,1.2M,67.8K,395
543,544,vladandnikiarab,Animation,16.5M,,132.6K,404,0
544,545,samsmith,Music & Dance,16.4M,United States,36.2K,2.6K,84
545,546117,SandraCiresArt,,16.4M,Colombia,279.1K,10.4K,893
546,547,boyceavenue,Music & Dance,16.4M,Brazil,68.5K,2.7K,93
547,5481555,antrax,Animation,16.4M,Mexico,516.6K,31.2K,767
548,549,hamaarbhojpuri,Music & Dance,16.4M,India,6.3K,189,7
549,550,mkmusic,Music & Dance,16.4M,Brazil,8.9K,909,26
550,551599,SupercarBlondie,Animation,16.4M,United States,809.8K,26.4K,475
551,55212,ChetanMongaVlogs,Daily vlogs,16.4M,India,2.1M,145.9K,233
552,553,ADME_RU,Animation,16.4M,Russia,21.3K,541,25
553,554,FitDanceTV,Music & DanceAnimation,16.3M,,25.7K,788,11
554,555330,mattstonie,Food & Drinks,16.3M,United States,2M,64.7K,2.1K
555,5561110,MYFAMILYComedy,,16.3M,India,1.2M,3.7K,59
556,557,kidsplay,MoviesToys,16.3M,,44.3K,118,0
557,558,VijayKumarVinerVlogs,,16.3M,India,352.7K,13.3K,14
558,559,A2Motivation,Education,16.3M,India,11.8K,614,30
559,560,SonyMusicSouth,Music & DanceMovies,16.3M,India,473.5K,7.9K,156
560,56134,Arifmuhammadd,Music & DanceMovies,16.2M,Indonesia,3.1M,58.3K,1.5K
561,56296,seungbini67,,16.2M,United States,8.4M,275.3K,1.5K
562,563,JulianaBaltar,MoviesHumor,16.2M,Brazil,166.2K,6.4K,163
563,564,MashaBearARAB,,16.1M,,515.7K,3.5K,0
564,565,DylandPROS,MoviesAnimation,16.1M,Indonesia,15.5K,798,26
565,56614,kuplinovplay,Video games,16.1M,Russia,1.4M,97.1K,2.2K
566,567,TheMriDul,,16.1M,India,327.8K,0,191
567,568,camilo,Music & Dance,16.1M,Colombia,40.8K,3.2K,117
568,569,VolgaVideo,,16.1M,India,3.4K,23,1
569,570,TeamFilmsBhojpuri,Music & Dance,16.1M,India,9K,134,14
570,571,FCBarcelona,Sports,16.1M,United States,135.9K,10.4K,198
571,572,BlippiEspanol,,16.1M,,290.4K,621,0
572,573,5MinuteCraftsFAMILY,,16M,India,5.8K,76,3
573,574587,RayWilliamJohnson,AnimationHumor,16M,United States,2.1M,169.7K,1.6K
574,575,KashviAdlakha,,16M,India,78.3K,2.3K,13
575,576,PeetMontzingo,,16M,United States,5.2M,0,2.6K
576,577434,NatanporAi,,16M,Brazil,1.5M,29.1K,270
577,578,wifistudy,Education,15.9M,India,2.3K,88,2
578,579,EliKids,Music & Dance,15.9M,,329.4K,8.2K,0
579,58031,CelineDept,,15.9M,United States,4.6M,254.1K,452
580,581,jeffreestar,Beauty,15.9M,United States,497.1K,34.4K,4.6K
581,582,RottenTomatoesTRAILERS,MoviesAnimation,15.9M,United States,32.6K,444,49
582,583,kimloaizaa,Music & Dance,15.8M,Mexico,27.8M,1M,58K
583,584376,joerogan,Daily vlogs,15.8M,United States,563.5K,8.8K,1.4K
584,585,CNN,Music & DanceAnimation,15.8M,United States,119.1K,1.8K,873
585,586,kompastv,News & Politics,15.8M,Indonesia,7.6K,59,28
586,587585,HenriqueeJuliano,Music & Dance,15.8M,Brazil,2.7M,18.9K,715
587,588,5MCArabic,Movies,15.7M,Egypt,8K,76,3
588,589,MobileLegends5v5MOBA,AnimationVideo games,15.7M,Indonesia,96.4K,1.3K,41
589,59048,Thegeetagurjar,,15.7M,India,2.9M,54.3K,33
590,591,SRKMUSIC,Music & Dance,15.7M,India,19.2K,474,22
591,5921353,boxtoxtv,,15.7M,India,691.6K,20.1K,50
592,593,studyiqofficial,Education,15.7M,India,10K,536,17
593,594,Zayn,Music & Dance,15.7M,United States,42.3K,9.9K,368
594,595,genierock,Music & Dance,15.7M,Thailand,73.8K,1.9K,64
595,596,TalkingFriends,AnimationHumor,15.7M,United States,53.9K,300,0
596,597,TheVishalbhatt,,15.6M,India,409K,26.4K,54
597,598,THE_BROWN_SIBLINGS,,15.6M,India,384.7K,33.1K,161
598,59942,GH.S,,15.6M,United States,5.2M,186.6K,970
599,600734,LOKESHGAMER,,15.6M,India,119.5K,13.1K,448
600,601,abscbnnews,News & Politics,15.6M,Philippines,2.6K,26,1
601,60210,sevengersofficial,,15.6M,India,3.3M,335K,532
602,603,Senya_Super,AnimationToys,15.6M,,12.9K,73,0
603,604,DaveAndAva,Music & Dance,15.5M,,109.1K,442,0
604,6052,albert_cancook,,15.5M,United States,6M,411.7K,1.2K
605,6061594,nianaguerrero,Music & Dance,15.5M,Philippines,419.9K,10.8K,265
606,607,MNCTVOfficialId,Music & DanceMovies,15.5M,Indonesia,1.6K,35,0
607,608,HongyuASMR,ASMR,15.5M,United States,315.6K,4.2K,124
608,609,romanatwoodvlogs,MoviesHumor,15.5M,United States,268.8K,14.9K,214
609,61075,EdisonPts,Video games,15.5M,Russia,1.5M,102.9K,4K
610,611,Ravisagar88,,15.5M,India,244.4K,10.6K,76
611,612,Kerajinan5-Menit,,15.4M,Indonesia,8.8K,49,2
612,613158,LinusTechTips,Science & Technology,15.4M,United States,1.5M,56.2K,2.8K
613,614,ndtvindia,News & Politics,15.4M,India,4.1K,49,2
614,615,ABCNews,News & Politics,15.4M,United States,13.8K,169,54
615,616,RS1313Shorts,,15.4M,India,7.2K,65,10
616,617346,DEVKeFacts,,15.4M,India,1.7M,67.2K,298
617,618,NetflixJr,AnimationHumor,15.4M,,73.9K,125,0
618,619,DaftarPopuler,Science & Technology,15.3M,Indonesia,132.4K,1.5K,250
619,620,BigSchoolMinecraft,AnimationVideo games,15.3M,United States,189K,9.5K,15
620,621,indorephysicalacademy.,Daily vlogs,15.3M,India,33.3K,2.5K,63
621,622,ItsMamix,DIY & Life Hacks,15.3M,Russia,8.4M,385.9K,23K
622,6233190,Painzeiro,Daily vlogs,15.3M,Brazil,2.5M,124.1K,525
623,624,LittleAngelBrasil,Animation,15.3M,,189K,384,0
624,6251485,Chustertv,Video games,15.3M,Spain,2M,84.1K,261
625,626108,IanBoggs,MoviesHumor,15.3M,United States,1M,62.4K,959
626,6271764,Makiman131,MoviesAnimation,15.3M,Spain,303.4K,12.7K,320
627,6281212,ranzkyle,,15.3M,Philippines,728.3K,15.1K,359
628,629,PlayStation,,15.3M,United States,29.6K,892,71
629,630,zncoficial,,15.3M,Brazil,183.7K,4.3K,94
630,631,Thaich8,,15.3M,Thailand,4.4K,84,1
631,632,kwebbelkop,AnimationVideo games,15.3M,United States,111.8K,2.6K,1.1K
632,633,BBCNews,News & Politics,15.3M,United States,84.2K,1K,588
633,634,OyuncakAvi-oyku,,15.3M,,626.2K,0,13
634,635449,huba3,,15.2M,United States,1.5M,65.8K,108
635,6361465,mispastelitos,Food & Drinks,15.2M,Mexico,803.5K,33K,537
636,637,zeebangla,,15.1M,India,2.4K,66,0
637,638,crashcourse,Science & Technology,15.1M,United States,37.9K,1.3K,40
638,63921,XpressTV,Science & Technology,15.1M,Mexico,677.9K,16.7K,197
639,640,leagueoflegends,MoviesAnimation,15.1M,United States,2.3M,57.7K,1.8K
640,641,MelanieMartinez,Music & Dance,15.1M,United States,0,0,0
641,642,mariale,,15.1M,Mexico,16.2K,832,12
642,643709,PPMussas,Fashion,15.1M,Mexico,252K,10.4K,265
643,644384,DentalDigest,,15.1M,United States,345.6K,3.5K,343
644,6451407,woodyandkleiny,Video gamesHumor,15.1M,United States,874.1K,78.1K,72
645,646,Therichest,News & Politics,15.1M,United States,5.9K,173,14
646,647,OReinoInfantil,Music & Dance,15M,,51.8K,114,0
647,648511,E_MasterSensei,MoviesVideo games,15M,Mexico,544.4K,21.4K,331
648,649,JamunaTVbd,News & Politics,15M,Bangladesh,12.8K,383,24
649,650148,justinflom,MoviesHumor,15M,United States,5.3M,152.3K,374
650,651,vladandnikiport,,15M,,424.1K,0,0
651,65229,mariano_razo,,15M,Mexico,1.9M,124.1K,371
652,653,infobellskannadarhymes,Education,15M,,134.9K,2.2K,0
653,654,jorgeemateus,Music & Dance,14.9M,Brazil,72K,1.4K,42
654,655,5MinuteCraftsRecycle,,14.9M,India,4.5K,53,2
655,656,fueledbyramen,Music & Dance,14.9M,United States,16.8K,432,50
656,657,itowngameplay,AnimationVideo games,14.9M,Mexico,39.2K,2.7K,139
657,658,MattyBRaps,Music & Dance,14.9M,United States,0,0,0
658,659,TroomTroomRu,Video gamesToys,14.9M,,44.1K,935,16
659,6601313,AmaraQueLinda,Daily vlogs,14.9M,Colombia,376K,27.9K,96
660,6613155,SanjoyDasOfficial,,14.9M,India,1.9M,121.8K,90
661,66230,lachlan,AnimationVideo games,14.9M,United States,1.1M,22.2K,681
662,663,GyanGaming,Video gamesHumor,14.9M,India,105.9K,12.2K,201
663,66496,auron,MoviesAnimation,14.9M,Mexico,1.2M,59K,1.2K
664,66557,camilaloures,MoviesHumor,14.9M,Brazil,384K,21.6K,314
665,666,BigTastyAnimations,,14.9M,United States,94.6K,8K,10
666,667,GMM25Thailand,,14.9M,Thailand,1.8K,31,0
667,668,MeghanTrainor,MoviesHumor,14.9M,United States,42.1K,3.2K,51
668,66928,theslowmoguys,,14.9M,United States,1.3M,75.7K,2.2K
669,670,GuiGe,,14.9M,India,105.8K,3.3K,4
670,6719,rebeccazamolo,Video gamesHumor,14.8M,United States,3.6M,38.7K,3.4K
671,672801,TheDodo,Animals & Pets,14.8M,United States,613.4K,13.3K,460
672,67387,PrestonPlayz,AnimationVideo games,14.8M,United States,1.1M,17.9K,739
673,674,majorlazer,Music & DanceMovies,14.8M,United States,11.9K,413,13
674,675,Telemundo,,14.8M,Argentina,68.7K,676,19
675,67623,AdamW,AnimationHumor,14.8M,United States,2.8M,170.1K,538
676,677,MalumaVEVO,Music & Dance,14.8M,Mexico,4.2M,121.5K,3.6K
677,678,LikeNastya_Stories,AnimationToys,14.8M,,122K,601,0
678,679,ZigandSharko,,14.7M,,140.3K,1.8K,0
679,680906,chadwildclay,MoviesHumor,14.7M,United States,786.9K,11.7K,2.8K
680,681,MartinGarrix,Music & Dance,14.7M,United States,37.3K,3.1K,145
681,682,facts806,,14.7M,Egypt,37.7K,1.4K,44
682,683,dropout,MoviesHumor,14.7M,United States,91K,4.2K,187
683,684201,DocTops,Animation,14.7M,Mexico,411.3K,17.5K,382
684,685,vladynikishow,,14.7M,,444.1K,1.1K,0
685,686,zeetvtelugu,,14.7M,India,3.1K,70,0
686,687569,AnayaKandhal,,14.7M,India,4.6M,85.2K,75
687,6889,juliagisella,,14.7M,United States,20.1M,1.3M,8K
688,68953,CrescendocomLuluca,Animation,14.7M,Brazil,590.5K,22.1K,1.3K
689,690210,AlexaRivera,AnimationHumor,14.7M,United States,2.5M,45.4K,2.6K
690,691,reactiontime,AnimationHumor,14.7M,United States,83K,3.5K,51
691,692,BobonSantoso,Music & DanceMovies,14.7M,Indonesia,390.5K,10.6K,1K
692,693,Bebefinn,,14.7M,,1.7M,10.7K,0
693,694147,Compot,Video games,14.7M,Russia,1M,43.8K,1.9K
694,695,vilmei,,14.7M,Indonesia,140.5K,0,133
695,696311,NobruTV,MoviesAnimation,14.6M,Brazil,437.3K,41.9K,151
696,6972911,spider-maaaaaaan,,14.6M,Japan,853.7K,19K,40
697,698,aljazeera,News & Politics,14.6M,Morocco,24.8K,848,72
698,69937,StrayKids,Music & DanceMovies,14.6M,United States,476.9K,127.8K,1.5K
699,700,legendaefunk,Music & DanceAnimation,14.6M,Brazil,3.5K,145,25
700,701,crazyfrog,Music & DanceAnimation,14.5M,United States,260.3K,6.3K,113
701,702,IDEIASINCRIVEIS,,14.5M,Brazil,14.2K,106,2
702,703,boramtubetoysreview9575,MoviesToys,14.5M,,11.9K,94,0
703,70490,TommyInnit,Video gamesHumor,14.5M,United States,671.2K,56.2K,2.5K
704,705,LillySingh,AnimationHumor,14.5M,United States,49.8K,2.1K,30
705,706,RosannaPansino,DIY & Life Hacks,14.5M,United States,78.1K,3.8K,252
706,707879,itsDrRyan,,14.5M,United States,456.9K,19.5K,337
707,708,ComePlayWithMe,MoviesToys,14.5M,,892.1K,0,0
708,709,airrack,Video gamesHumor,14.5M,United States,3M,115.1K,2.9K
709,710,geonews,,14.5M,Pakistan,2.6K,59,2
710,711,dangmattsmith,AnimationHumor,14.5M,,66.3K,2.3K,510
711,712,ETVJabardasth,Humor,14.5M,India,73K,1.5K,4
712,713,WishFM1075official,Music & Dance,14.4M,Philippines,47.9K,813,72
713,714,tseriesregional,Music & Dance,14.4M,India,4K,70,13
714,71588,Jazzghost,AnimationVideo games,14.4M,Brazil,1.1M,52.6K,1.9K
715,716,Drawblogs,MoviesAnimation,14.4M,Mexico,7.6K,355,21
716,717,sportsnation,Sports,14.4M,United States,82.2K,2.9K,25
717,718850,luismendez1405,,14.4M,Mexico,303.8K,25.2K,288
718,719,thinkmusicofficial,Music & Dance,14.4M,India,46.5K,994,7
719,7203067,PetsSwag,,14.4M,United States,438.8K,16.9K,91
720,7211286,nikkietutorials,Design/artBeauty,14.4M,United States,4.2M,351.3K,1.4K
721,7221084,MARIANAMIAMORCH,Movies,14.4M,Mexico,932.3K,61.8K,430
722,723335,klara_tania,MoviesAnimation,14.4M,Indonesia,1.2M,64.9K,113
723,724291,ATRO55,,14.4M,Iraq,360K,39.8K,2.4K
724,725386,NickPro,Sports,14.4M,United States,1.2M,11.5K,163
725,726,gallinapintadita,Animation,14.4M,,255.3K,780,0
726,727,nehakakkar,Music & Dance,14.4M,India,3.1M,75.6K,1.8K
727,728,BieTheSka,,14.3M,Thailand,154.5K,4.2K,147
728,729,karameeshchannel,Music & Dance,14.3M,Jordan,151.7K,768,0
729,730,jomyproductionshorts,,14.3M,India,238.6K,11.8K,27
730,731157,veritasium,Science & Technology,14.3M,United States,3.1M,130.2K,4.5K
731,732,OQueNaoDizerOficial,MoviesAnimation,14.3M,Brazil,50.3K,6.2K,81
732,733,SuperPolina,,14.3M,Russia,0,0,0
733,734,TVAnaEmilia,,14.3M,Mexico,33.7K,1.1K,127
734,735202,Acenix,AnimationVideo games,14.3M,Mexico,587.4K,22.1K,588
735,7362264,RaptorGamer,AnimationVideo games,14.3M,Mexico,170.6K,10.4K,280
736,737,atlanticrecords,,14.3M,United States,5.5K,223,4
737,738,theHacksmith,Video games,14.2M,United States,135.9K,6.4K,87
738,739,Narobeauty,,14.2M,Iraq,0,0,0
739,74086,Mythpat,,14.2M,India,6M,386.5K,9.1K
740,741,GoldminesPremiere,,14.2M,,8.4K,211,0
741,742511,AM3NlC,Autos & Vehicles,14.2M,Brazil,266.8K,22.3K,267
742,743,trapcity,Music & Dance,14.2M,United States,15.5K,730,30
743,744,kidstvindia,Toys,14.1M,,127.8K,2.8K,0
744,745,thef2,Sports,14.1M,United Kingdom,0,0,0
745,746277,DesiGamers_,,14.1M,India,602.3K,66.8K,1.4K
746,747,refugiomental6032,Movies,14.1M,Argentina,68.8K,1.2K,18
747,748,AlArabiya,News & Politics,14.1M,Morocco,18.2K,304,42
748,749,gmanews,News & Politics,14.1M,Philippines,2.7K,51,1
749,75068,penguinz0,Movies,14M,United States,1.7M,85.3K,4.1K
750,751,Infobellsrhymes,ToysAutos & Vehicles,14M,,66.2K,805,0
751,752,MasterskayaNastroeny,MoviesVideo games,14M,Russia,186.9K,3.1K,86
752,75394,LizaBaez,,14M,Mexico,1.8M,186.2K,1.8K
753,75410,MauMcMahon,,14M,Mexico,3.4M,142.6K,1.5K
754,755,blockbustermovies7960,Daily vlogs,14M,India,10.3K,189,2
755,7564370,scottsreality,,14M,United States,1.1M,29.9K,170
756,757,BBC,MoviesAnimation,14M,United Kingdom,8.8K,230,7
757,758,123GOSpanish,Animation,14M,Mexico,37.4K,393,9
758,75911,ryan,Movies,14M,United States,7.1M,236.8K,9.8K
759,760,nishamadhulika,Food & Drinks,13.9M,India,149.7K,3K,505
760,761,JDPantojaA,Music & DanceAnimation,13.9M,Mexico,0,0,0
761,762,DarkarCompany,AnimationVideo games,13.9M,Mexico,521.9K,60.6K,1.3K
762,763,TypicalGamer,AnimationVideo games,13.9M,United States,265.7K,7K,244
763,764,GrandmasterJinBodhi,Animation,13.9M,Singapore,23.3K,749,120
764,765210,lunomosik,Video games,13.9M,Russia,1.5M,27.6K,1.2K
765,766,KidsLineKOYA,MoviesHumor,13.9M,,7.6K,28,0
766,767370,TrakinTech,News & Politics,13.9M,India,268.1K,15K,402
767,768510,MyMateNate,,13.9M,Thailand,1.1M,29.5K,1.2K
768,769,FAPTV,AnimationHumor,13.9M,United States,31.3K,968,4
769,770118,ZeinabHarakeVlogs,Humor,13.9M,Philippines,2M,62K,1K
770,771,codiscos,Music & Dance,13.9M,,22.5K,335,14
771,772,SaturdayNightLive,MoviesHumor,13.9M,United States,589.9K,9.4K,462
772,773549,CznBurak,Daily vlogs,13.8M,Turkey,285.2K,19.2K,283
773,774,Vogue,Fashion,13.8M,United States,195.3K,5.5K,120
774,775,TwinsFromRussiaRevega,AnimationHumor,13.8M,United States,48.1K,1.5K,9
775,776,MCDivertida,Music & DanceMovies,13.8M,,313.2K,1.1K,0
776,777165,BanderitaX,AnimationVideo games,13.7M,Saudi Arabia,1M,79K,3.3K
777,778,jojotvhindi,Music & Dance,13.7M,India,17.2K,97,2
778,779,DALLMYD,Mystery,13.7M,United States,275.5K,14K,718
779,780,MAIKI021,AnimationHumor,13.7M,Brazil,4.8K,552,45
780,781858,mymissanand,MoviesHumor,13.7M,India,740K,10.5K,88
781,782,PlayHard,,13.7M,Brazil,61.3K,6.1K,98
782,783,awakeningrecords,Music & Dance,13.7M,Indonesia,34.6K,1.9K,113
783,784,linhnhishorts,,13.7M,United States,275.2K,5.1K,4
784,785,Behindwoodstv,Daily vlogs,13.7M,,17.9K,610,3
785,786,MoniLinaFamily,,13.7M,India,368.2K,10K,14
786,7878,dhruvrathee,News & Politics,13.7M,India,6M,274.1K,13K
787,788626,BUDI01GAMING,MoviesAnimation,13.7M,Indonesia,170.1K,9.4K,235
788,789417,PozziGamer,AnimationVideo games,13.7M,Russia,440.4K,15.4K,1K
789,790313,ladydiana11,Music & DanceHumor,13.7M,Russia,1.5M,40.1K,2.1K
790,791429,TechnologyGyan,,13.6M,India,301.5K,22.2K,885
791,792,SonotekBhakti,Music & Dance,13.6M,India,15K,205,14
792,793,itsbrothersvlog,,13.6M,,3.4M,0,20
793,794,TheInfographicsShow,Education,13.6M,United States,143.8K,3.4K,299
794,795371,athleanx,FitnessHealth & Self Help,13.6M,United States,234.7K,12.9K,439
795,796,LofiGirl,Humor,13.6M,United States,158.4K,12.8K,96
796,797,manishsahufitness47,,13.5M,,732.6K,44.4K,179
797,798,onlinejobRk,,13.5M,India,6.3K,131,17
798,799,Anaysa,MoviesHumor,13.5M,India,264.8K,4.7K,210
799,800,KabitasKitchen,,13.5M,India,82.8K,2.5K,129
800,801,gags,,13.5M,United States,142.8K,1.4K,40
801,802,Wengie,Food & Drinks,13.5M,United States,11.1K,739,59
802,803197,Caylus,AnimationVideo games,13.5M,United States,436.5K,10.5K,477
803,804299,BrawlStars,Animation,13.5M,United States,958.1K,76.3K,2.8K
804,805,zeetamil,,13.5M,India,4K,101,0
805,806,MashaBearUkraine,,13.5M,,208.7K,3K,0
806,80746,bigchungusYT,,13.5M,Argentina,11.1M,771.2K,3.9K
807,808360,LaGranjadelBorrego,,13.5M,Colombia,1.4M,132.3K,537
808,80922,LukeDidThat,,13.5M,United States,6.3M,250K,2.5K
809,810,RobTopGames,,13.5M,United States,4M,369.2K,50K
810,811,NANDO,AnimationHumor,13.5M,Colombia,1M,46.2K,196
811,812,theRadBrad,AnimationVideo games,13.5M,United States,296.5K,14.8K,444
812,813,MattSDance,Music & DanceMovies,13.5M,United States,28.9K,1.8K,22
813,814,H2ODelirious,AnimationVideo games,13.5M,United States,67.4K,3.8K,114
814,81560,Littleglove,Daily vlogs,13.4M,India,870.4K,47.1K,203
815,8161182,prantoniojunior,Music & Dance,13.4M,Brazil,198.9K,43.3K,5.2K
816,817896,cainguzman,,13.4M,Mexico,564K,26.9K,52
817,818,rupalchoudharytd,,13.4M,India,105.3K,5K,31
818,819,Akon,Music & Dance,13.4M,Brazil,27.1K,1.7K,120
819,8203525,WiederDude,,13.4M,United States,85.6K,1.5K,73
820,821,theworldadventureshindi,Daily vlogs,13.4M,,5.4K,262,16
821,8221145,einerdtv,MoviesAnimation,13.4M,Brazil,172.9K,23.5K,965
822,823,VexTrexKidsCartoon,MoviesAnimation,13.3M,,53.3K,0,0
823,824,OficialHungria,Music & Dance,13.3M,Brazil,430.8K,13.3K,321
824,825,knowledgetvhindi001,Education,13.3M,India,69.4K,2.3K,147
825,8261185,AlexGonzagaOfficial,MoviesHumor,13.3M,Philippines,1.3M,26K,527
826,827,KurtHugoSchneider,,13.3M,United States,66.7K,2.6K,28
827,8284971,jtcasey,AnimationHumor,13.3M,United States,376K,13.3K,215
828,829,RauwAlejandroTv,Music & Dance,13.3M,Peru,1.2M,52.8K,2.1K
829,830,lokdhunpunjabi,Music & Dance,13.3M,India,6.1K,155,8
830,831,JesseAndMike,,13.3M,United States,201.4K,2.8K,144
831,832,janesergo,,13.2M,United States,63.8K,2K,9
832,833,MoonbugKids_SingAlongWithMe,Toys,13.2M,,49.9K,66,0
833,834,GustavoParodiasOficial,,13.2M,Brazil,122.1K,8.1K,39
834,83582,redbull,Sports,13.2M,United States,245.5K,11.8K,158
835,836,redetv,,13.2M,Brazil,3.4K,127,2
836,837,CuteWolfVideos,MoviesToys,13.2M,,45.1K,162,0
837,838,nhstudioz,,13.1M,India,62.6K,485,6
838,83946,NITINFREEFIRE,,13.1M,India,1.2M,170K,2.6K
839,840,gymvirtual,FitnessHealth & Self Help,13.1M,Mexico,97.5K,1.8K,44
840,841,DuoTiempoDeSol,Music & DanceAnimation,13.1M,,96.4K,2K,0
841,84259,FamilyFitnessChannel,,13.1M,India,461.7K,19.5K,504
842,843915,sulgiyang,ASMRFood & Drinks,13.1M,United States,553.1K,8.7K,320
843,84482,soysuco24,,13.1M,Peru,1.2M,118K,3.8K
844,845,francoescamilla,MoviesHumor,13.1M,Mexico,329.4K,18.2K,101
845,8462935,EnglishConnectionByKanchan,Education,13.1M,India,170.6K,11.5K,171
846,847676,WatchMeOff,MoviesAnimation,13.1M,Russia,200.9K,5.2K,29
847,848,watchHitsHD,,13.1M,India,40.6K,438,35
848,849,TopViralTalentYT,,13M,United States,7.6K,116,5
849,850,bibotoyskor,,13M,,15.1K,10,0
850,851,HeidiandZidaneEsp,Daily vlogs,13M,,66.4K,154,0
851,852,KiryaKolesnikov,Daily vlogs,13M,United States,33.7K,969,5
852,853,DRJRecordsspecials,,13M,India,9.7K,42,1
853,854,officialjassrecords,Music & Dance,13M,India,55.8K,1.1K,101
854,855,nhstudioz,,13M,India,35.6K,330,6
855,856,cute.shivani.05,,13M,India,1.7M,0,706
856,8571573,FreeFireIndiaOfficial,,13M,India,143.9K,17.7K,522
857,85823,JoojNatu,,13M,Brazil,1.7M,158.1K,570
858,859,MundoBita,Music & DanceMovies,13M,,146.9K,5.8K,0
859,860,FirstWeFeast,Movies,13M,United States,149.5K,5.6K,161
860,861,TalkingAngela,,13M,United States,112.5K,1.9K,0
861,862,FlowersComedy,Humor,12.9M,India,202.9K,4.8K,129
862,863,LittleTreehouseNurseryRhymes,ToysAutos & Vehicles,12.9M,,260.8K,8.7K,0
863,8641603,Vendyyaduwanshi,,12.9M,India,952.7K,69K,86
864,865349,FarjanaDrawingAcademy,,12.9M,India,361.8K,21.5K,244
865,866,BlossomTV,,12.9M,United States,16.4K,469,3
866,867,MrSuicideSheep,,12.9M,United States,38.9K,1.8K,38
867,86833,NasDaily,Daily vlogs,12.9M,United States,197.7K,10.5K,370
868,869,TroomTroom_India,,12.9M,India,34.3K,364,5
869,870,Enterr10Rangeela,Music & Dance,12.9M,India,14.6K,378,3
870,871,Super_Senya_RU,AnimationToys,12.9M,,15.9K,73,0
871,87283,RachitRojha,,12.8M,India,2.6M,43.5K,1.9K
872,873,NDTV,News & Politics,12.8M,India,1.6K,11,1
873,874,WaveMusicBhakti,Music & Dance,12.8M,,3K,42,3
874,87517,NickDiGiovanni,Food & Drinks,12.8M,United States,3M,218.1K,2K
875,876323,Morgz,MoviesHumor,12.8M,,6.4M,168.4K,607
876,877,suhaofun,Daily vlogs,12.8M,United States,379.6K,5.9K,6
877,878,ctctv,MoviesAnimation,12.8M,Russia,952.2K,8.6K,401
878,879179,OliviaRodrigo,Music & Dance,12.8M,United States,472.2K,27K,1K
879,880,TeremokTV,,12.7M,,114.7K,197,0
880,881935,MasSKabeche,MoviesAnimation,12.7M,Mexico,857.5K,49.7K,672
881,882,TroomTroom_Indonesia,Music & DanceMovies,12.7M,Indonesia,87.9K,1K,17
882,883,HeroMovies2023,Daily vlogs,12.7M,India,6.9K,163,2
883,884,bharatzkitchenHINDI,,12.7M,India,377.1K,4.8K,191
884,885,elliegouldingofficial,Music & Dance,12.7M,United States,14.3K,1.2K,77
885,886,AdexeyNau,Music & Dance,12.7M,Mexico,8.9K,1.2K,69
886,887,BiperYSusAmigos,Music & DanceMovies,12.7M,,150.3K,0,0
887,8881463,piuzinho,AnimationHumor,12.7M,Brazil,52.7K,9.2K,371
888,889,pocoyo,,12.7M,,423.9K,2.4K,0
889,890,TheDaniRep,AnimationVideo games,12.7M,Mexico,130.3K,7.7K,84
890,891,refugiomental6818,MoviesAnimation,12.7M,Brazil,76.5K,2.3K,27
891,892,GoldminesActionMovies,,12.7M,,5.7K,142,0
892,8932127,TimbaVk,AnimationVideo games,12.7M,Mexico,816.9K,24K,545
893,894126,colinfurze,Video games,12.7M,United States,0,0,0
894,895,AvrilLavigne,Music & Dance,12.7M,United States,36.3K,3.8K,148
895,896,QuantumTech,Science & Technology,12.7M,United States,270.6K,2.4K,50
896,897,ArynewsTvofficial,News & Politics,12.7M,Pakistan,3.5K,64,2
897,898,parislifestyle7488,,12.7M,India,468K,3.6K,201
898,899,TalentRecap,Music & DanceMovies,12.7M,United States,34.9K,396,17
899,900,parafernalha,MoviesHumor,12.7M,Brazil,17K,1.2K,8
900,901709,casey,Movies,12.7M,United States,778.7K,47.6K,2.2K
901,902,rathorvideo,Music & Dance,12.7M,India,3.8K,43,5
902,903,_gogo2728,Daily vlogs,12.6M,India,315.9K,27.4K,55
903,904,Yair17,MoviesAnimation,12.6M,Mexico,132K,12.2K,244
904,905,WildNOut,Music & DanceHumor,12.6M,United States,151K,7.8K,85
905,906,hzhtubekidsfun,AnimationToys,12.6M,,50.4K,846,0
906,907,DisneyChannelUK,MoviesHumor,12.6M,,32.7K,271,0
907,908,StarBharat,,12.6M,India,52.8K,1.1K,12
908,909,FamilyBooms,,12.6M,India,2.3M,75.2K,66
909,910,InsideEdition,News & Politics,12.6M,United States,70.6K,1.8K,168
910,911,deepalimarkam1,,12.6M,India,60.2K,0,18
911,912,eltrece,Music & Dance,12.6M,,2.7K,26,5
912,913,gibby,,12.6M,Mexico,98.6K,4K,338
913,914,healthtime6469,Daily vlogs,12.6M,India,2.9K,89,2
914,915,HISTORY,Movies,12.6M,United States,119.4K,2.4K,143
915,916202,SPDNOO1,Humor,12.6M,Thailand,3.3M,94.3K,382
916,917,TroomTroom_Pt,Animation,12.6M,Brazil,44.2K,1.8K,12
917,918374,FilmTheory,MoviesAnimation,12.5M,United States,2.2M,137K,7K
918,9193618,LOUDgg,,12.5M,Brazil,59.7K,3.7K,14
919,920,Baby_Jenny,MoviesToys,12.5M,,30.4K,81,0
920,921,SaregamaHumBhojpuri,Music & Dance,12.5M,India,41.6K,1.2K,52
921,922,PeopleVsFood,Food & Drinks,12.5M,United States,41.3K,2.9K,26
922,923,CalvinHarrisVEVO,Music & Dance,12.5M,United States,21.7K,727,36
923,924,JugnuKidsrhymes,Food & DrinksToys,12.5M,,29.8K,141,0
924,925,tappuhoneyparmar4277,,12.5M,India,270.2K,0,34
925,926,saito09,,12.5M,United States,672.4K,13.9K,23
926,927535,SoyTioNestor,Animation,12.5M,Mexico,400K,24.5K,300
927,928,ChrisBrownVEVO,Music & Dance,12.5M,United States,2.6M,134.6K,6K
928,9295,Lulu99,,12.5M,Colombia,344.5K,20.6K,833
929,930,TheKingofRandom,DIY & Life Hacks,12.5M,United States,40.5K,1.3K,55
930,931,LipaoGamer,MoviesAnimation,12.5M,Brazil,185.5K,9.1K,158
931,932,lilwayne,Autos & Vehicles,12.5M,United States,102.1K,6.7K,157
932,933,NattiNatasha,Music & Dance,12.5M,United States,33.1K,3.1K,59
933,934427,Jackdohertyy,,12.5M,United States,567.2K,24.9K,215
934,935,BlackEyedPeas,Music & Dance,12.5M,United States,7.7K,558,14
935,936260,CRAZYGREAPA,,12.5M,India,1.6M,70.8K,138
936,9372570,Panda.,AnimationVideo games,12.5M,India,824.3K,52.7K,366
937,938,telugufilmnagar,,12.5M,India,5.1K,82,1
938,939,timesmusicindia,Music & Dance,12.4M,India,5.5K,215,9
939,9401947,merrickhanna,,12.4M,United States,487.2K,26.7K,211
940,941,IceCreamRolls,,12.4M,United States,18.5K,666,42
941,9422232,dojacat,Music & Dance,12.4M,United States,1.7M,72.7K,3K
942,943,yogawithadriene,Fitness,12.4M,United States,235.3K,7.7K,431
943,944,HeeraGoldOfficial,Daily vlogs,12.3M,Pakistan,70.5K,847,55
944,945,MashaBearHINDI,AnimationToys,12.3M,,101.2K,1.6K,0
945,946,LuanSantana,Music & Dance,12.3M,Brazil,77.4K,5.2K,354
946,947467,M4Techofficial,,12.3M,India,915.1K,40.2K,792
947,948,TeremokSongs,,12.3M,Russia,76.5K,183,0
948,949,123GO_,DIY & Life Hacks,12.3M,United States,47.4K,311,15
949,950,belabagunca,MoviesAnimation,12.3M,Brazil,86.6K,2.7K,117
950,951369,TWOSIDEGAMERS,Daily vlogs,12.3M,India,311.9K,19.1K,823
951,952,HiTechIslamic,Music & Dance,12.3M,Pakistan,29.3K,574,42
952,953334,lukedavidson81,AnimationHumor,12.3M,United States,1.2M,92.5K,798
953,954,bbcearth,,12.3M,United States,106.8K,1.7K,73
954,955,Aniruddhacharyaji,Daily vlogs,12.3M,India,118.1K,6.1K,229
955,95619,AmauryGuichonChef,,12.3M,United States,2M,147.8K,1K
956,9572926,AnnoyingOrange,MoviesAnimation,12.3M,United States,217.8K,4.2K,480
957,958,MBCMASRtv,,12.3M,Egypt,2.1K,40,3
958,959,MUSATANVEER,,12.3M,Pakistan,76.1K,483,30
959,960,MykeTowers,Music & Dance,12.3M,Colombia,68K,2.8K,125
960,961,UTKARSHCLASSES13,Education,12.3M,India,66.3K,5.1K,132
961,962,natandessie,ToysDIY & Life Hacks,12.3M,United States,12K,84,0
962,963,itsxomgpop,Music & DanceMovies,12.3M,,14K,485,48
963,96456,flamingo,AnimationVideo games,12.3M,United States,1.3M,51.9K,4.8K
964,9651208,ComedyShortsGamer,Fitness,12.2M,United Kingdom,632.9K,24.4K,585
965,966,brancoala,MoviesAnimation,12.2M,Brazil,174.3K,3.8K,90
966,967,user-tt5ge5fj4i,Music & DanceAnimation,12.2M,,62.5K,305,0
967,968,Family-Box,Movies,12.2M,Russia,143.6K,7.3K,223
968,969,PinkVideoVault,Music & Dance,12.2M,United States,34.7K,3.7K,68
969,97024,OumWalidcuisine,Education,12.2M,Algeria,261.9K,13.1K,741
970,971,tvOneNews,News & Politics,12.2M,Indonesia,3.8K,36,10
971,972603,TiboInShape,Sports,12.2M,France,448.3K,29.1K,341
972,973,videogyan,AnimationToys,12.2M,,329K,8.5K,0
973,974,KooKooTvHindi,,12.2M,India,198.3K,2.1K,80
974,9753043,ankitabhawsar,,12.2M,India,687.5K,33.5K,67
975,976,DANIELELTRAVIESOVIDEOS,AnimationHumor,12.1M,Colombia,155.9K,11.1K,359
976,977,NFL,Sports,12.1M,United States,24.7K,563,56
977,978609,minecraft,AnimationVideo games,12.1M,United States,256.8K,10.8K,643
978,9791400,dobrebrothers,MoviesHumor,12.1M,United States,368.9K,10.4K,524
979,9803,elrubius,MoviesAnimation,12.1M,Mexico,1.6M,121.7K,1.3K
980,981,OneindiaHindi,News & Politics,12.1M,India,3.2K,38,1
981,982,HarshaSaiForYouHindi,,12.1M,India,1.9M,155.3K,1.8K
982,983,aljazeeraenglish,News & Politics,12.1M,United States,51.3K,1.3K,474
983,9841728,PANDACANAL,,12.1M,Mexico,5.2M,336.5K,1.8K
984,9851494,CarryisLive,MoviesHumor,12.1M,India,958.2K,64.3K,683
985,986,AishwaNahlaOfficial,Music & DanceHumor,12.1M,Indonesia,537.3K,7.9K,0
986,987,TheViralFever,MoviesHumor,12.1M,India,93.7K,5.1K,50
987,988,CrazyRussianHacker,AnimationToys,12.1M,United States,26.3K,930,37
988,989,klunatik,,12.1M,United States,62.3K,1.3K,101
989,990,KenhThieuNhiBHMedia,Music & DanceAnimation,12.1M,United States,11K,24,0
990,991,sbt,Animation,12.1M,Brazil,1.8K,116,2
991,992141,mussoumano,Music & DanceAnimation,12.1M,Brazil,901K,41.2K,968
992,993,sagahits,Music & Dance,12M,India,5.4K,245,7
993,994,CNCOMusic,Music & Dance,12M,Mexico,8.2K,1.9K,62
994,995,GoldminesHousefull,,12M,,7.5K,0,0
995,996,tsmadaan,Education,12M,India,4.3K,173,23
996,997,VYRLOriginals,,12M,India,42.1K,2K,26
997,998694,RedChilliesEntertainment,,12M,India,50.3K,9.2K,72
998,999,mmdcrew,Music & DanceMovies,12M,Russia,0,0,0
999,10002575,Alextis,,12M,Spain,1.9M,97.2K,293
